Title,Accession number,Author,Author affiliation,Source,Abbreviated source title,Sponsor,Publisher,Volume,Issue,Pages,Publication date,Language,ISSN,ISBN13,DOI,Conference name,Conference date,Conference location,CODEN,Country of publication,Document type,Abstract,Number of references,Controlled/Subject terms,Uncontrolled terms,Classification code,IPC code,Treatment,Discipline,Database,Copyright,Data Provider
"HybVIO: Pushing the Limits of Real-time Visual-inertial Odometry","21647593","Seiskari, O. (1); Rantalankila, P. (1); Kannala, J. (1, 2); Ylilammi, J. (1); Rahtu, E. (1, 3); Solin, A. (1, 2) ","(1) Spectacular AI, Finland (2) Aalto University, Finland (3) Tampere University, Finland ","2022 IEEE/CVF Winter Conference on Applications of Computer Vision (WACV)","","","IEEE","","","287-96","2022","English","","978-1-6654-0915-5","10.1109/WACV51458.2022.00036","2022 IEEE/CVF Winter Conference on Applications of Computer Vision (WACV)","4-8 Jan. 2022","Waikoloa, HI, USA","","","Conference article (CA)","We present HybVIO, a novel hybrid approach for combining filtering-based visual-inertial odometry (VIO) with optimization-based SLAM. The core of our method is highly robust, independent VIO with improved IMU bias modeling, outlier rejection, stationarity detection, and feature track selection, which is adjustable to run on embedded hardware. Long-term consistency is achieved with a loosely-coupled SLAM module. In academic benchmarks, our solution yields excellent performance in all categories, especially in the real-time use case, where we outperform the current state-of-the-art. We also demonstrate the feasibility of VIO for vehicular tracking on consumer-grade hardware using a custom dataset, and show good performance in comparison to current commercial VISLAM alternatives.","0","distance measurement - filtering theory - object tracking - optimisation - robot vision - SLAM (robots)","HybVIO - real-time visual-inertial odometry - combining filtering-based visual-inertial odometry - optimization-based SLAM - independent VIO - improved IMU bias modeling - outlier rejection - stationarity detection - feature track selection - embedded hardware - long-term consistency - SLAM module - real-time use case - vehicular tracking - consumer-grade hardware","B6135 Optical, image and video signal processing - B6140B Filtering methods in signal processing - B0260 Optimisation techniques - C5260B Computer vision and image processing techniques - C1180 Optimisation techniques","G06T","Practical (PRA); Theoretical or Mathematical (THR)","Electrical/Electronic engineering (B); Computers/Control engineering (C)","Inspec","Copyright 2022, The Institution of Engineering and Technology","Engineering Village"
"I Am Not Afraid of the GPS Jammer: Resilient Navigation Via Signals of Opportunity in GPS-Denied Environments","21924733","Kassas, Z.M. (1); Khalife, J. (1); Abdallah, A.A. (1); Lee, C. (2) ","(1) University of California, Irvine, Irvine, CA 92697, United States (2) U.S. Air Force, Test Pilot School, Edwards AFB, CA 93524, United States ","IEEE Aerospace and Electronic Systems Magazine","IEEE Aerosp. Electron. Syst. Mag. (USA)","","IEEE","37","7","4-19","2022","English","1557-959X","","10.1109/MAES.2022.3154110","","","","IESMEA","USA","Journal article (JA)","I am not afraid of the GPS jammer, as long as there are ambient signals of opportunity (SOPs) to exploit in the environment. In environments where GPS signals are challenged (e.g., indoors and deep urban canyons) or denied (e.g., under jamming and spoofing attacks), SOPs could serve as an alternative positioning, navigation, and timing (PNT) source to GPS, and more generally, to global navigation satellite systems (GNSS). This article presents a radio simultaneous localization and mapping (radio SLAM) approach that enables the exploitation of SOPs for resilient and accurate PNT. Radio SLAM estimates the states of the navigator-mounted receiver simultaneously with the SOPs' states. Radio SLAM could produce an SOP-derived navigation solution in a standalone fashion or by fusing SOPs with sensors [e.g., inertial measurement unit (IMU), lidar, etc.], digital maps, and/or other signals (e.g., GNSS). This article presents the first published experimental results evaluating the efficacy of radio SLAM in a real GPS-denied environment. These experiments took place at Edwards Air Force Base, California, USA, during which GPS was intentionally jammed with jamming-to-signal ratio as high as 90 dB. This article evaluates the timing of two cellular long-term evolution (LTE) SOPs located in the jammed environment, showing timing stability over 95 min of GPS jamming. Moreover, the article presents navigation results showcasing a ground vehicle traversing a trajectory of about 5 km in 180 s in the GPS-jammed environment. The vehicle's GPS-IMU system drifted from the vehicle's ground truth trajectory, resulting in a position root mean-squared error (RMSE) of 238 m. In contrast, the radio SLAM approach with a single cellular LTE SOP whose position was poorly known (an initial uncertainty on the order of several kilometers) achieved a position RMSE of 32 m.","0","Global Positioning System - jamming - mean square error methods - radio receivers - SLAM (robots)","resilient navigation - ambient signals - GPS signals - deep urban canyons - global navigation satellite systems - GNSS - radio simultaneous localization - navigator-mounted receiver - jamming-to-signal ratio - long-term evolution SOPs - GPS-jammed environment - GPS-IMU system - radio SLAM approach - single cellular LTE SOP","B6250G Satellite communication systems - B6330 Radionavigation and direction finding - B0290F Interpolation and function approximation (numerical analysis) - B5230 Electromagnetic compatibility and interference - B6140 Signal processing and detection","G01S - H04B1/06 - H04B7/00 - H04B7/185 - H04K3/00 - G01S19/01","Practical (PRA)","Electrical/Electronic engineering (B)","Inspec","Copyright 2022, The Institution of Engineering and Technology","Engineering Village"
"Sparse Semantic Map-Based Monocular Localization in Traffic Scenes Using Learned 2D-3D Point-Line Correspondences","22089244","Chen, X. (1); Xue, J. (1); Pang, S. (1) ","(1) Xi'an Jiaotong University, China ","IEEE Robotics and Automation Letters","IEEE Robot. Autom. Lett. (USA)","","IEEE","7","4","11894-11901","2022","English","2377-3766","","10.1109/LRA.2022.3207800","","","","IRALC6","USA","Journal article (JA)","Vision-based localization in a prior map is of crucial importance for autonomous vehicles. Given a query image, the goal is to estimate the camera pose corresponding to the prior map, and the key is the registration problem of camera images within the map. While autonomous vehicles drive on the road under occlusion (e.g., car, bus, truck) and changing environment appearance (e.g., illumination changes, seasonal variation), existing approaches rely heavily on dense point descriptors at the feature level to solve the registration problem, entangling features with appearance and occlusion. As a result, they often fail to estimate the correct poses. To address these issues, we propose a sparse semantic map-based monocular localization method, which solves 2D-3D registration via a well-designed deep neural network. Given a sparse semantic map that consists of simplified elements (e.g., pole lines, traffic sign midpoints) with multiple semantic labels, the camera pose is then estimated by learning the corresponding features between the 2D semantic elements from the image and the 3D elements from the sparse semantic map. The proposed sparse semantic map-based localization approach is robust against occlusion and long-term appearance changes in the environments. Extensive experimental results show that the proposed method outperforms the state-of-the-art approaches.","47","cameras - computer vision - feature extraction - image registration - image retrieval - image segmentation - image sensors - learning (artificial intelligence) - medical image processing - mobile robots - neural nets - object detection - object recognition - pose estimation - robot vision - SLAM (robots)","traffic scenes - 2D-3D Point-Line Correspondences - vision-based localization - prior map - autonomous vehicles - query image - camera pose - registration problem - camera images - occlusion - environment appearance - illumination changes - dense point descriptors - feature level - correct poses - sparse semantic map-based monocular localization method - traffic sign midpoints - multiple semantic labels - corresponding features - 2D semantic elements - sparse semantic map-based localization approach - long-term appearance changes","A8770E Patient diagnostic methods and instrumentation - B6135 Optical, image and video signal processing - B6135E Image recognition - B7230G Image sensors - C5260B Computer vision and image processing techniques - C7250R Information retrieval techniques - C7330 Biology and medical computing - C3390C Mobile robots","G01N33/48 - G03B17/00 - G03B19/00 - G05D1/00 - G06K9/00 - G06T - H01L27/146 - H04N5/30 - G06N20/00 - G16B - G06F16/00","Practical (PRA); Theoretical or Mathematical (THR)","Physics (A); Electrical/Electronic engineering (B); Computers/Control engineering (C)","Inspec","Copyright 2022, The Institution of Engineering and Technology","Engineering Village"
"Planning on topological map using omnidirectional images and spherical CNNs","21542474","Taniguchi, A. (1); Sasaki, F. (1); Muroi, M. (1); Yamashina, R. (1) ","(1) Ricoh Company, Ltd., Japan ","Advanced Robotics","Adv. Robot. (UK)","","Taylor & Francis","36","3","153-66","2022","English","1568-5535","","10.1080/01691864.2021.1997641","","","","","UK","Journal article (JA)","Map building and path planning are essential for long-term visual navigation. Methods, such as semi-parametric topological memory (SPTM), use deep learning to build a topological map consisting of nodes sampled from an agent's past observations and edges generated by a neural network (NN) and perform path planning on the map. Such methods require neither accurate sensor nor advanced expertise for map building needed in classical metric-map-based techniques such as visual simultaneous localization and mapping. However, they often plan improper paths including teleportations and detours, even if we have collected enough training data. In this paper, we propose a topological-map-based planning method that includes two modifications to SPTM to address this problem. The first modification is that we observe omnidirectional images and construct an NN on the basis of spherical convolutional NNs, which guarantee rotation invariance on omnidirectional images. The second modification is that we train the NN on a metric learning framework. We conducted experiments to show the effectiveness and applicability to real world of our method for path planning in visual navigation. The results indicate that the first modification prevents detouring and the second one prevents teleportations in path planning.","33","learning (artificial intelligence) - mobile robots - neural nets - path planning - robot vision - SLAM (robots) - topology","map building - path planning - long-term visual navigation - semiparametric topological memory - SPTM - topological map - NN - accurate sensor nor advanced expertise - classical metric-map-based techniques - visual simultaneous localization - improper paths - topological-map-based planning - omnidirectional images","B6135 Optical, image and video signal processing - C5260B Computer vision and image processing techniques - C1160 Combinatorial mathematics - C3120C Spatial variables control - C3390C Mobile robots","G05D1/00 - G05D3/00 - G06T - B60W30/095 - G06N20/00","Practical (PRA)","Electrical/Electronic engineering (B); Computers/Control engineering (C)","Inspec","Copyright 2022, The Institution of Engineering and Technology","Engineering Village"
"Feature Based Multi-Hypothesis Map Representation for Localization in Non-Static Environments","21989442","Nielsen, K. (1, 2); Hendeby, G. (2) ","(1) Epiroc Rock Drills AB, Sweden (2) Linkoping University, Dept. Electrical Engineering, Sweden ","2022 25th International Conference on Information Fusion (FUSION)","","William Demant Foundation;Linko¨ping City;SAAB;Mitsubishi Electric Research Laboratories (MERL);Ericsson;Metron;Verizon;Nordic Inertial;UMS Skeldar;ACTIA Nordic;Arriver;NIRA Dynamics","IEEE","","","8 pp.","2022","English","","978-1-7377497-2-1","","2022 25th International Conference on Information Fusion (FUSION)","4-7 July 2022","Linkoping, Sweden","","","Conference article (CA)","Long-term autonomy of robots requires localization in an inevitably changing environment, where the robots' knowledge about the surroundings are more or less uncertain. Inspired by methods in target tracking, this paper proposes a feature based multi-hypothesis map representation to provide robust localization under these conditions. It is derived how this representation can be used to obtain consistent position estimates while at the same time providing up-to-date map information to be shared by cooperative robots or for visual presentation. Simulations are performed that conceptually highlights the benefit of the developed solution in an environment where uniquely identifiable landmarks are moved between discrete positions. This relates to a real world scenario where a robot moves in a corridor with office doors opened or closed at different times.",,"mobile robots - multi-robot systems - path planning - position control - robot vision - target tracking","feature based multihypothesis map representation - nonstatic environments - long-term autonomy - inevitably changing environment - robots - target tracking - robust localization - consistent position estimates - up-to-date map information","C5260B Computer vision and image processing techniques - C3120C Spatial variables control - C3390C Mobile robots","G05D1/00 - G05D3/00 - G06T - B60W30/095","Practical (PRA)","Computers/Control engineering (C)","Inspec","Copyright 2022, The Institution of Engineering and Technology","Engineering Village"
"Appearance-Based Loop Closure Detection via Locality-Driven Accurate Motion Field Learning","21664770","Kaining Zhang (1); Xingyu Jiang (1); Jiayi Ma (1) ","(1) Wuhan University, School of Electronic Information, China ","IEEE Transactions on Intelligent Transportation Systems","IEEE Trans. Intell. Transp. Syst. (USA)","","IEEE","23","3","2350-65","2022","English","1558-0016","","10.1109/TITS.2021.3086822","","","","ITISFG","USA","Journal article (JA)","Loop closure detection (LCD) is of significant importance in simultaneous localization and mapping. It represents the robot's ability to recognize whether the current surrounding corresponds to a previously observed one. In this paper, we conduct this task in a two-step strategy: candidate frame selection and loop closure verification. The first step aims to search semantically similar images for the query one using features obtained by Key.Net with HardNet. Instead of adopting the traditional Bag-of-Words strategy, we utilize the aggregated selective match kernel to calculate the similarity between images. Subsequently, based on the potential property of motion field in the LCD scene, we propose a novel feature matching method, i.e., exploiting the smoothness prior and learning the motion field for an image pair in a reproducing kernel Hilbert space (RKHS), to implement loop closure verification. Concretely, we formulate the learning problem into a Bayesian framework with latent variables indicating the true/false correspondences and a mixture model accounting for the distribution of data. Furthermore, we propose a locality-driven mechanism to enhance the local relevance of motion vectors and term the algorithm as locality-driven accurate motion field learning (LAL). To satisfy the requirement of efficiency in the LCD task, we use a sparse approximation and search a suboptimal solution for the motion field in the RKHS, termed as LAL*. Extensive experiments are conducted on public datasets for feature matching and LCD tasks. The quantitative results demonstrate the effectiveness of our method over the current state-of-the-art, meanwhile showing its potential for long-term visual localization. The codes of LAL and LAL* are publicly available at https://github.com/KN-Zhang/LAL.","64","Bayes methods - feature extraction - Hilbert spaces - image enhancement - image matching - image motion analysis - learning (artificial intelligence) - mixture models - query processing - robot vision - search problems - SLAM (robots) - smoothing methods","simultaneous localization and mapping - RKHS - reproducing kernel Hilbert space - frame selection verification - long-term visual localization - LCD task - motion vectors - locality-driven mechanism - feature matching method - aggregated selective match kernel - Bag-of-Words strategy - semantically similar images - loop closure verification - locality-driven accurate motion field learning - appearance-based loop closure detection","B6135E Image recognition - B0240Z Other topics in statistics - B0260 Optimisation techniques - C5260B Computer vision and image processing techniques - C1180 Optimisation techniques - C1140Z Other topics in statistics - C6260 ","G06T - G06T5/00 - G06T7/20 - G06N20/00","Bibliography (BIB); Practical (PRA); Theoretical or Mathematical (THR)","Electrical/Electronic engineering (B); Computers/Control engineering (C)","Inspec","Copyright 2022, The Institution of Engineering and Technology","Engineering Village"
"A LiDAR-based single-shot global localization solution using a cross-section shape context descriptor","21897189","Xu, D. (1); Liu, J. (1, 2); Liang, Y. (1); Lv, X. (1); Hyyppä, J. (2) ","(1) Wuhan University, State Key Laboratory of Information Engineering in Surveying, Mapping and Remote Sensing, China (2) Finnish Geospatial Research Institute, Department of Remote Sensing and Photogrammetry, Finland ","ISPRS Journal of Photogrammetry and Remote Sensing","ISPRS J. Photogramm. Remote Sens. (Netherlands)","","Elsevier B.V.","189","","272-88","2022","English","1872-8235","","10.1016/j.isprsjprs.2022.05.005","","","","IRSEE9","Netherlands","Journal article (JA)","Fusing LiDAR and high definition (HD) maps is a feasible way to achieve global localization in GNSS-denied environments, which is necessary in driverless vehicle and robotic technologies. This paper proposes a single-shot global localization solution that uses only a single current scan of a rotating multiple-beam LiDAR sensor to locate its own location and pose with respect to an HD map in the form of georeferenced point clouds. This single-shot global localization solution estimates the state of the current moment without the previous moment state and thus avoids the nonconvergence problems that plague filter-based methods. The proposed solution allows HD maps from diverse LiDAR sensors to be used for global localization and is more robust than existing methods. The proposed solution consists of two procedures: offline preprocessing and online global localization. In the offline procedure, diverse HD maps are preprocessed to construct a global prior map for the localization process. The online global localization procedure includes two elements: place recognition, location and pose estimation. A novel Cross-Section Shape Context (CSSC) descriptor that is highly descriptive and rotation-invariant is proposed for subsequent processes. Two strategies, two-stage similarity estimation and Nearest Cluster Distance Ratio (NCDR), based on the CSSC descriptor are proposed to improve place recognition precision. A Selective Generalized Iterative Closest Point (SGICP) algorithm is proposed to calculate location and pose accurately using the CSSC descriptor. Comprehensive experiments were performed to evaluate this solution. A comparison of the precision-recall curve of multiple scenes, particularly under changed viewpoint scenes, shows that the CSSC descriptor is more robust than existing descriptors. Experimental analysis also confirms that the proposed strategies, two-stage similarity estimation and NCDR, improve place recognition precision. Also, compared to the generalized iterative closest point algorithm, the SGICP algorithm achieved better accuracy by 31% and efficiency by 60%. The proposed solution achieves a mean relative translation error (RTE) improvement of 27% over the OneShot algorithm on the KITTI dataset. The proposed solution had an average 77% improvement over 1σ RTE relative to the benchmark in tests with the long-term localization NCLT dataset. The mean RTE of the proposed solution was 0.13 m using HD maps from different LiDAR sensors. Our code is available at: https://github.com/Dongxu05/CSSC. All rights reserved Elsevier.","43","feature extraction - image matching - image registration - iterative methods - medical image processing - mobile robots - object detection - optical radar - pose estimation - remote sensing by laser beam - robot vision - SLAM (robots)","LiDAR-based - global localization solution - high definition maps - single current scan - rotating multiple-beam LiDAR sensor - HD map - diverse LiDAR sensors - diverse HD maps - global prior map - localization process - online global localization procedure - novel Cross-Section Shape Context descriptor - two-stage similarity estimation - CSSC descriptor - place recognition precision - Selective Generalized Iterative Closest Point algorithm - long-term localization NCLT dataset - different LiDAR sensors - size 0.13 m","A8770E Patient diagnostic methods and instrumentation - B6135 Optical, image and video signal processing - B6135E Image recognition - B6320C Optical radar - C5260B Computer vision and image processing techniques - C7330 Biology and medical computing - C3390C Mobile robots - C4130 Interpolation and function approximation (numerical analysis)","G01N33/48 - G01S17/00 - G05D1/00 - G06K9/00 - G06T - G16B","Practical (PRA); Theoretical or Mathematical (THR)","Physics (A); Electrical/Electronic engineering (B); Computers/Control engineering (C)","Inspec","Copyright 2022, The Institution of Engineering and Technology","Engineering Village"
"A Lightweight Feature Map Creation Method for Intelligent Vehicle Localization in Urban Road Environments","21797377","Cai, Y. (1); Lu, Z. (1); Wang, H. (1); Chen, L. (1); Li, Y. (1) ","(1) Jiangsu University, Automotive Engineering Research Institute, China ","IEEE Transactions on Instrumentation and Measurement","IEEE Trans. Instrum. Meas. (USA)","","IEEE","71","","8503115 (15 pp.)","2022","English","1557-9662","","10.1109/TIM.2022.3181903","","","","IEIMAO","USA","Journal article (JA)","Accurate and reliable localization in urban environments is critical for high-level autonomous driving systems. In comparison to other localization strategies, map-based methods are more reliable and have higher localization accuracy. However, due to higher storage and update costs, dense map-based localization methods are inefficient for widespread use. In urban road environments, structural features, such as road curbs that limit the road passable area, and pole-like features, such as streetlights, tree trunks, and traffic lights, exhibit exceptional long-term stability and extraction consistency. The maps based on road curbs and pole-like features are unaffected by dynamic obstacles, such as vehicles and pedestrians, making them ideal for vehicle localization in urban environments. In this article, we design a lightweight feature map for LiDAR localization in urban environments based on road curbs and pole-like features, and propose a novel, fast, and accurate extraction strategy for these features, implementing the entire pipeline of feature extraction, map construction, and localization. We combine the orderliness of 2-D range images with the spatial properties of 3-D point clouds to extract road curbs and poles quickly and accurately. The proposed feature extraction methods and localization system are evaluated on datasets collected in multiple environments and times. The experimental results demonstrate that the method proposed in this article is more efficient and robust at features' extraction and vehicle localization compared with other state-of-the-art approaches.","41","feature extraction - mobile robots - object detection - optical radar - road vehicles - roads - robot vision - traffic engineering computing","lightweight feature map creation method - intelligent vehicle localization - urban road environments - reliable localization - urban environments - high-level autonomous driving systems - localization strategies - map-based methods - higher localization accuracy - higher storage - update costs - dense map-based localization methods - structural features - road curbs - road passable area - pole-like features - vehicles - pedestrians - LiDAR localization - accurate extraction strategy - map construction - feature extraction methods - localization system - multiple environments","B6135 Optical, image and video signal processing - B6320C Optical radar - C5260B Computer vision and image processing techniques - C7445 Traffic engineering computing - C1140Z Other topics in statistics - C3390C Mobile robots","G01S17/00 - G05D1/00 - G06T","Practical (PRA); Theoretical or Mathematical (THR)","Electrical/Electronic engineering (B); Computers/Control engineering (C)","Inspec","Copyright 2022, The Institution of Engineering and Technology","Engineering Village"
"Efficient Large-scale Localization by Global Instance Recognition","22094672","Xue, F. (1); Budvytis, I. (1); Reino, D.O. (2); Cipolla, R. (1) ","(1) University of Cambridge, United Kingdom (2) Toyota Motor Europe, Belgium ","2022 IEEE/CVF Conference on Computer Vision and Pattern Recognition (CVPR)","","","IEEE","","","17327-17336","2022","English","","978-1-6654-6946-3","10.1109/CVPR52688.2022.01683","2022 IEEE/CVF Conference on Computer Vision and Pattern Recognition (CVPR)","18-19 June 2022","New Orleans, LA, USA","","","Conference article (CA)","Hierarchical frameworks consisting of both coarse and fine localization are often used as the standard pipeline for large-scale visual localization. Despite their promising performance in simple environments, they still suffer from low efficiency and accuracy in large-scale scenes, especially under challenging conditions. In this paper, we propose an efficient and accurate large-scale localization framework based on the recognition of buildings, which are not only discriminative for coarse localization but also robust for fine localization. Specifically, we assign each building instance a global ID and perform pixel-wise recognition of these global instances in the localization process. For coarse localization, we employ an efficient reference search strategy to find candidates progressively from the local map observing recognized instances instead of the whole database. For fine localization, predicted labels are further used for instance-wise feature detection and matching, allowing our model to focus on fewer but more robust keypoints for establishing correspondences. The experiments in long-term large-scale localization datasets including Aachen and RobotCar-Seasons demonstrate that our method outperforms previous approaches consistently in terms of both efficiency and accuracy.","67","database indexing - feature extraction - image classification - image representation - image retrieval - object recognition - SLAM (robots) - visual databases","recognized instances - fine localization - instance-wise feature detection - large-scale localization datasets - efficient large-scale localization - global instance recognition - hierarchical frameworks - large-scale visual localization - large-scale scenes - large-scale localization framework - coarse localization - building instance - global ID - pixel-wise recognition - global instances - localization process - efficient reference search strategy - local map","B6135 Optical, image and video signal processing - B6135E Image recognition - C5260B Computer vision and image processing techniques - C7250R Information retrieval techniques - C6160S Spatial and pictorial databases","G06T - G06F16/00","Practical (PRA); Theoretical or Mathematical (THR)","Electrical/Electronic engineering (B); Computers/Control engineering (C)","Inspec","Copyright 2022, The Institution of Engineering and Technology","Engineering Village"
"PlaneLoc2: Indoor Global Localization Using Planar Segments and Passive Stereo Camera","21846889","Wietrzykowski, J. (1) ","(1) Poznan University of Technology, Institute of Robotics and Machine Intelligence, Poland ","IEEE Access","IEEE Access (USA)","","IEEE","10","","67219-67229","2022","English","2169-3536","","10.1109/ACCESS.2022.3185732","","","","IAECCG","USA","Journal article (JA)","This paper introduces PlaneLoc2 - a novel indoor global localization system designed to harness the potential of stereo cameras. A need for robust global localization that does not produce incorrect results (false positives) is present in almost every life-long autonomy task. We show that planar segments extracted from stereo vision data by a neural network enable such robust localization. Planar segments are easier to discriminate than keypoint features and provide easy-to-use geometric constraints. We propose an architecture that exploits a single deep neural network (DNN) to detect planar segments, produce appearance descriptors, and estimate segment geometry. Moreover, we introduce a novel view-based segment map and a novel pose retrieval procedure that considers the uncertainty of features to efficiently use the geometric constraints provided by them. We also show that the new learned descriptor provides better discrimination than the hand-crafted one. Finally, we present experimental results that show that our solution outperforms other state-of-the-art global localization methods and does not produce incorrect agent poses. For both test scenes it recognizes at least 15% more poses than the second best method without incorrect recognitions.",,"cameras - feature extraction - image segmentation - learning (artificial intelligence) - mobile robots - neural nets - pose estimation - robot vision - stereo image processing","planar segments - geometric constraints - single deep neural network - estimate segment geometry - novel view-based segment map - state-of-the-art global localization methods - PlaneLoc2 - passive stereo camera - novel indoor global localization system - stereo cameras - robust global localization - life-long autonomy task - stereo vision data - robust localization","B6135 Optical, image and video signal processing - B6135E Image recognition - C5260B Computer vision and image processing techniques - C3390C Mobile robots","G03B17/00 - G03B19/00 - G05D1/00 - G06K9/00 - G06T - H04N13/00 - G06N20/00","Practical (PRA); Theoretical or Mathematical (THR)","Electrical/Electronic engineering (B); Computers/Control engineering (C)","Inspec","Copyright 2022, The Institution of Engineering and Technology","Engineering Village"
"PSE-Match: A Viewpoint-Free Place Recognition Method With Parallel Semantic Embedding","21953985","Yin, P. (1); Xu, L. (1); Feng, Z. (2); Egorov, A. (3); Li, B. (2) ","(1) Carnegie Mellon University, Robotics Institute, Pittsburgh, PA 15213, United States (2) Clemson University, Department of Automotive Engineering, Greenville, SC 29607, United States (3) Skolkovo Institute of Science and Technology, Russia ","IEEE Transactions on Intelligent Transportation Systems","IEEE Trans. Intell. Transp. Syst. (USA)","","IEEE","23","8","11249-11260","2022","English","1558-0016","","10.1109/TITS.2021.3102429","","","","ITISFG","USA","Journal article (JA)","Accurate localization on the autonomous driving cars is essential for autonomy and driving safety, especially for complex urban streets and search-and-rescue subterranean environments where high-accurate GPS is not available. However current odometry estimation may introduce the drifting problems in long-term navigation without robust global localization. The main challenges involve scene divergence under the interference of dynamic environments and effective perception of observation and object layout variance from different viewpoints. To tackle these challenges, we present PSE-Match, a viewpoint-free place recognition method based on parallel semantic analysis of isolated semantic attributes from 3D point-cloud models. Compared with the original point cloud, the observed variance of semantic attributes is smaller. PSE-Match incorporates a divergence place learning network to capture different semantic attributes parallelly through the spherical harmonics domain. Using both existing benchmark datasets and two in-field collected datasets, our experiments show that the proposed method achieves above 70% average recall with top one retrieval and above 95% average recall with top ten retrieval cases. And PSE-Match has also demonstrated an obvious generalization ability with limited training dataset.",,"distance measurement - feature extraction - Global Positioning System - image matching - image recognition - learning (artificial intelligence) - mobile robots - object detection - object recognition - path planning - pose estimation - robot vision - SLAM (robots) - traffic engineering computing","viewpoint-free place recognition method - parallel semantic analysis - isolated semantic attributes - 3D point-cloud models - original point cloud - observed variance - PSE-Match - divergence place - different semantic attributes - autonomous driving cars - driving safety - -rescue subterranean environments - high-accurate GPS - current odometry estimation - long-term navigation - robust global localization - dynamic environments - object layout variance","B6135 Optical, image and video signal processing - B6135E Image recognition - C5260B Computer vision and image processing techniques - C7445 Traffic engineering computing - C1140Z Other topics in statistics - C3120C Spatial variables control - C3390C Mobile robots","G05D1/00 - G05D3/00 - G06K9/00 - G06T - B60W30/095 - G01S19/01 - G06N20/00","Practical (PRA); Theoretical or Mathematical (THR)","Electrical/Electronic engineering (B); Computers/Control engineering (C)","Inspec","Copyright 2022, The Institution of Engineering and Technology","Engineering Village"
"Topographical Landmarks for Ground-Level Terrain Relative Navigation on Mars","21955831","Hook, J.V. (1); Schwartz, R. (1); Ebadi, K. (1); Coble, K. (1); Padgett, C. (1) ","(1) California Institute of Technology, NASA Jet Propulsion Laboratory, Pasadena, CA 91109, United States ","2022 IEEE Aerospace Conference (AERO)","","","IEEE","","","6 pp.","2022","English","","978-1-6654-3760-8","10.1109/AERO53065.2022.9843350","2022 IEEE Aerospace Conference (AERO)","5-12 March 2022","Big Sky, MT, USA","","","Conference article (CA)","Many of the tasks planned for future generation Mars rovers rely heavily on having accurate knowledge of the rover's location in a Martian body-fixed coordinate system. Current solutions for localization require regular human intervention in order to detect and rectify drift, and thus stand to benefit from systems that can run in real-time on the rover itself. We study the feasibility and performance of an automated approach to localization in which the rover makes bearing-only measurements to geographic features in its surroundings (hills, boulders, peaked ridge-lines, etc.). When the location of these landmarks can be cross-referenced with a map of Mars, the resulting solution will be globally registered and will help correct any drift during visual-odometry-aided drives. This paper studies two related problems: First, how can we locate geographic features that the rover can feasibly see, when provided an elevation map of the surrounding terrain? We provide a software tool that can extract features from elevation maps for comparison to imagery. However, once these landmarks are identified, it is not obvious if a given path for the rover will contain sufficient features to navigate autonomously. Accuracy will depend on the quantity, range, and relative geometry of landmarks that are available. Thus, the second contribution is to provide a GIS plugin that analyzes the terrain informativeness of large operating areas as well as more specific paths. We present an analysis of Jezero Crater in which Perseverance's Navcam is used as the hypothetical sensor. In certain favorable regions, worst-case localization accuracy in the 10 meter range is achieved from a single set of measurements (comparable to GPS on Earth). The map overlays generated by this analysis have the potential to aid in long-term mission planning by highlighting broad areas of high or low informativeness. These tools are computationally efficient and will be made open source to allow Mars mission planners, formulation studies, and rover drivers to plan for any future image-based self-localization capability.","0","distance measurement - feature extraction - geographic information systems - geometry - Global Positioning System - Mars - mobile robots - path planning - planetary rovers - robot vision","Martian body-fixed coordinate system - regular human intervention - geographic features - peaked ridge-lines - visual-odometry-aided drives - elevation map - relative geometry - terrain informativeness - worst-case localization accuracy - Mars mission planners - rover drivers - topographical landmarks - ground-level terrain relative navigation - image-based self-localization capability - generation Mars rovers - GIS plugin - hypothetical sensor - long-term mission planning","B6330 Radionavigation and direction finding - B0250 Combinatorial mathematics - B7320C Spatial variables measurement - B6135 Optical, image and video signal processing - C3360L Aerospace control - C3390C Mobile robots - C5260B Computer vision and image processing techniques - C7840 Geography and cartography computing - C1160 Combinatorial mathematics - C3120C Spatial variables control","G01B - G01S - G05D1/00 - G05D3/00 - G06T - B60W30/095 - G01S19/01 - B64G1/16","Practical (PRA); Theoretical or Mathematical (THR)","Electrical/Electronic engineering (B); Computers/Control engineering (C)","Inspec","Copyright 2022, The Institution of Engineering and Technology","Engineering Village"
"HSC4D: Human-centered 4D Scene Capture in Large-scale Indoor-outdoor Space Using Wearable IMUs and LiDAR","22094378","Dai, Y. (1); Lin, Y. (1); Wen, C. (1); Shen, S. (1); Xu, L. (1); Yu, J. (1); Ma, Y. (1); Wang, C. (2) ","(1) Xiamen University, China (2) ShanghaiTech University, China ","2022 IEEE/CVF Conference on Computer Vision and Pattern Recognition (CVPR)","","","IEEE","","","6782-92","2022","English","","978-1-6654-6946-3","10.1109/CVPR52688.2022.00667","2022 IEEE/CVF Conference on Computer Vision and Pattern Recognition (CVPR)","18-19 June 2022","New Orleans, LA, USA","","","Conference article (CA)","We propose Human-centered 4D Scene Capture (HSC4D) to accurately and efficiently create a dynamic digital world, containing large-scale indoor-outdoor scenes, diverse human motions, and rich interactions between humans and environments. Using only body-mounted IMUs and LiDAR, HSC4D is space-free without any external devices' constraints and map-free without pre-built maps. Considering that IMUs can capture human poses but always drift for long-period use, while LiDAR is stable for global localization but rough for local positions and orientations, HSC4D makes both sensors complement each other by a joint optimization and achieves promising results for long-term capture. Relationships between humans and environments are also explored to make their interaction more realistic. To facilitate many down-stream tasks, like AR, VR, robots, autonomous driving, etc., we propose a dataset containing three large scenes (1k-5k m2) with accurate dynamic human motions and locations. Diverse scenarios (climbing gym, multi-story building, slope, etc.) and challenging human activities (exercising, walking up/down stairs, climbing, etc.) demonstrate the effectiveness and the generalization ability of HSC4D. The dataset and code is available at lidarhumanmotion.net/hsc4d.","0","gait analysis - image motion analysis - optical radar - pose estimation - wearable sensors","accurate dynamic human motions - large-scale indoor-outdoor space - LiDAR - large-scale indoor-outdoor scenes - diverse human motions - human poses - long-term capture - HSC4D - human-centered 4D scene capture - wearable IMU - climbing gym - multistory building - body-mounted IMU","B6135E Image recognition - B6320C Optical radar - B7230G Image sensors - C5260B Computer vision and image processing techniques","G01S17/00 - G06K9/00 - G06T - G06T7/20 - H04N5/30","Practical (PRA)","Electrical/Electronic engineering (B); Computers/Control engineering (C)","Inspec","Copyright 2022, The Institution of Engineering and Technology","Engineering Village"
"Autonomous asteroid characterization through nanosatellite swarming","21955804","Stacey, N. (1); Dennison, K. (1); D'amico, S. (1) ","(1) Stanford University, Dept. of Aeronautics & Astronautics, Stanford, CA 94305, United States ","2022 IEEE Aerospace Conference (AERO)","","","IEEE","","","21","2022","English","","978-1-6654-3760-8","10.1109/AERO53065.2022.9843328","2022 IEEE Aerospace Conference (AERO)","5-12 March 2022","Big Sky, MT, USA","","","Conference article (CA)","This paper develops a novel algorithmic framework for autonomous asteroid characterization for the Autonomous Nanosatellite Swarming (ANS) mission concept. There is significant interest in asteroids as evidenced by multiple completed and ongoing asteroid missions. However, these missions heavily rely on human oversight and Earth-based resources such as the NASA Deep Space Network. Such an approach is not sustainable in the long term due to cost and oversubscribed Earth-based resources. Furthermore, these missions typically utilize a single spacecraft that is slow to adapt to its environment due to light time delay and gaps in communication with the Earth. In contrast, ANS comprises multiple small spacecraft that operate autonomously after a brief ground-in-the-loop initialization. The spacecraft are equipped with low size, weight, power, and cost (SWaP-C) avionics including star trackers, short-range cameras, radio-frequency intersatellite links, and chip scale atomic clocks. The algorithmic framework developed in this paper utilizes the intersatellite links and images of the asteroid to simultaneously estimate the spacecraft states as well as the asteroid gravity field, shape, and rotational motion. This class of estimation problem is defined in this paper as simultaneous navigation and characterization (SNAC), which is a superset of simultaneous localization and mapping. The ANS SNAC framework consists of three novel modules: 1) multi-agent optical landmark tracking and 3D point reconstruction using stereovision, 2) state estimation through a computationally efficient and robust unscented Kalman filter, and 3) reconstruction of a global spherical harmonic shape model by leveraging a priori knowledge of the shape properties of small celestial bodies. This new framework is validated through the numerical simulation of three spacecraft orbiting the asteroid 433 Eros. The simulation results demonstrate that the proposed architecture provides autonomous and accurate SNAC in a safe manner without any a priori shape model and using only low SWaP-C avionics.","0","aerospace instrumentation - asteroids - atomic clocks - avionics - celestial mechanics - gravity - image reconstruction - Kalman filters - navigation - nonlinear filters - space vehicles - state estimation","autonomous asteroid characterization - algorithmic framework - Autonomous Nanosatellite Swarming mission concept - multiple completed missions - asteroid missions - Earth-based resources - NASA Deep Space Network - radio-frequency intersatellite links - spacecraft states - asteroid gravity field - nanosatellite swarming - star trackers - short-range cameras - chip scale atomic clocks - rotational motion - unscented Kalman filter - global spherical harmonic shape model - celestial bodies - numerical simulation - SWaP-C avionics","A9630H Asteroids - A9510C Celestial mechanics - A9510E Orbit determination and improvement - A9555L Aerospace instrumentation - A9555P Lunar, planetary, and deep-space probes - B7630 Aerospace instrumentation and equipment - B6135 Optical, image and video signal processing","B64D43/00 - B64G1/00 - G01C21/00 - G06T - G04F5/14","Practical (PRA); Theoretical or Mathematical (THR)","Physics (A); Electrical/Electronic engineering (B)","Inspec","Copyright 2022, The Institution of Engineering and Technology","Engineering Village"
"Accurate Dynamic SLAM Using CRF-Based Long-Term Consistency","21562672","Zheng-Jun Du (1, 2); Shi-Sheng Huang (2); Tai-Jiang Mu (2); Qunhe Zhao (3); Martin, R.R. (4); Kun Xu (2) ","(1) Qinghai University, Department of Computer Technology and Application, China (2) Tsinghua University, Department of Computer Science and Technology, China (3) Shanghai, Co.,Ltd., DeepBlue Technology, China (4) Cardiff University, School of Computer Science and Informatics, United Kingdom ","IEEE Transactions on Visualization and Computer Graphics","IEEE Trans. Vis. Comput. Graph. (USA)","","IEEE Computer Society","28","4","1745-57","2022","English","1941-0506","","10.1109/TVCG.2020.3028218","","","","ITVGEA","USA","Journal article (JA)","Accurate camera pose estimation is essential and challenging for real world dynamic 3D reconstruction and augmented reality applications. In this article, we present a novel RGB-D SLAM approach for accurate camera pose tracking in dynamic environments. Previous methods detect dynamic components only across a short time-span of consecutive frames. Instead, we provide a more accurate dynamic 3D landmark detection method, followed by the use of long-term consistency via conditional random fields, which leverages long-term observations from multiple frames. Specifically, we first introduce an efficient initial camera pose estimation method based on distinguishing dynamic from static points using graph-cut RANSAC. These static/dynamic labels are used as priors for the unary potential in the conditional random fields, which further improves the accuracy of dynamic 3D landmark detection. Evaluation using the TUM and Bonn RGB-D dynamic datasets shows that our approach significantly outperforms state-of-the-art methods, providing much more accurate camera trajectory estimation in a variety of highly dynamic environments. We also show that dynamic 3D reconstruction can benefit from the camera poses estimated by our RGB-D SLAM approach.",,"augmented reality - cameras - feature extraction - graph theory - image reconstruction - image sequences - motion estimation - pose estimation - SLAM (robots)","efficient initial camera - estimation method - distinguishing dynamic - conditional random fields - accurate camera trajectory estimation - highly dynamic environments - accurate dynamic SLAM - CRF-based long-term consistency - world dynamic 3D reconstruction - reality applications - novel RGB-D SLAM approach - dynamic components - short time-span - consecutive frames - accurate dynamic 3D landmark detection method - long-term observations","A8770E Patient diagnostic methods and instrumentation - B6135 Optical, image and video signal processing - B6135E Image recognition - B0240Z Other topics in statistics - C5260B Computer vision and image processing techniques - C6130V Virtual reality - C3390 Robotics - C1140Z Other topics in statistics - C1160 Combinatorial mathematics - C7330 Biology and medical computing","G01N33/48 - G03B17/00 - G03B19/00 - G06K9/00 - G06T - G06T7/20 - G16B","Practical (PRA); Theoretical or Mathematical (THR)","Physics (A); Electrical/Electronic engineering (B); Computers/Control engineering (C)","Inspec","Copyright 2022, The Institution of Engineering and Technology","Engineering Village"
"Novel robust simultaneous localization and mapping for long-term autonomous robots","22104788","Wei, W. (1); Zhu, X. (1, 2); Wang, Y. (1) ","(1) Harbin Institute of Technology, School of Mechanical Engineering and Automation, China (2) Zhuhai Big Data Research Institute, China ","Frontiers of Information Technology & Electronic Engineering","Front. Inform. Technol. Electron. Eng. (Germany)","","Springer","23","2","234-45","2022","English","2095-9230","","10.1631/FITEE.2000358","","","","","Germany","Journal article (JA)","A fundamental task for mobile robots is simultaneous localization and mapping (SLAM). Moreover, long-term robustness is an important property for SLAM. When vehicles or robots steer fast or steer in certain scenarios, such as low-texture environments, long corridors, tunnels, or other duplicated structural environments, most SLAM systems might fail. In this paper, we propose a novel robust visual inertial light detection and ranging (LiDaR) navigation (VILN) SLAM system, including stereo visual-inertial LiDaR odometry and visual-LiDaR loop closure. The proposed VILN SLAM system can perform well with low drift after long-term experiments, even when the LiDaR or visual measurements are degraded occasionally in complex scenes. Extensive experimental results show that the robustness has been greatly improved in various scenarios compared to state-of-the-art SLAM systems.","33","distance measurement - mobile robots - optical radar - path planning - robot vision - SLAM (robots) - stereo image processing","state-of-the-art SLAM systems - visual measurements - long-term experiments - VILN SLAM system - LiDaR - robust visual inertial light detection - duplicated structural environments - long corridors - low-texture environments - robots steer - vehicles - long-term robustness - mobile robots - long-term autonomous robots","B6135 Optical, image and video signal processing - B6320C Optical radar - C5260B Computer vision and image processing techniques - C3390C Mobile robots - C3120C Spatial variables control","G01S17/00 - G05D1/00 - G05D3/00 - G06T - H04N13/00 - B60W30/095","Practical (PRA); Theoretical or Mathematical (THR)","Electrical/Electronic engineering (B); Computers/Control engineering (C)","Inspec","Copyright 2022, The Institution of Engineering and Technology","Engineering Village"
"Tightly-Coupled Magneto-Visual-Inertial Fusion for Long Term Localization in Indoor Environment","21408662","Coulin, J. (1, 2); Guillemard, R. (1); Gay-Bellile, V. (1); Joly, C. (2); De La Fortelle, A. (2) ","(1) Universite Paris-Saclay, CEA, France (2) PSL University, Center for Robotics, France ","IEEE Robotics and Automation Letters","IEEE Robot. Autom. Lett. (USA)","","IEEE","7","2","952-9","2022","English","2377-3766","","10.1109/LRA.2021.3136241","","","","IRALC6","USA","Journal article (JA)","We propose in this letter a tightly-coupled fusion of visual, inertial and magnetic data for long-term localization in indoor environment. Unlike state-of-the-art Visual-Inertial SLAM (VISLAM) solutions that reuse visual map to prevent drift, we present in this letter an extension of the Multi-State Constraint Kalman Filter (MSCKF) that takes advantage of a magnetic map. It makes our solution more robust to variations of the environment appearance. The experimental results demonstrate that the localization accuracy of the proposed approach is almost the same over time periods longer than a year.",,"inertial navigation - Kalman filters - mobile robots - SLAM (robots)","magneto-Visual-Inertial fusion - long term localization - indoor environment - visual data - inertial data - magnetic data - long-term localization - state-of-the-art Visual-Inertial SLAM solutions - reuse visual map - MultiState Constraint Kalman Filter - magnetic map - environment appearance - localization accuracy","B6140B Filtering methods in signal processing - B6135 Optical, image and video signal processing - C5260B Computer vision and image processing techniques - C3390C Mobile robots","G01P7/00 - G05D1/00 - G06T - G01C21/16","Practical (PRA)","Electrical/Electronic engineering (B); Computers/Control engineering (C)","Inspec","Copyright 2022, The Institution of Engineering and Technology","Engineering Village"
"Learning Semantic-Aware Local Features for Long Term Visual Localization","21882205","Fan, B. (1); Zhou, J. (1); Feng, W. (2); Pu, H. (3); Yang, Y. (1); Kong, Q. (4); Wu, F. (4); Liu, H. (1) ","(1) University of Science and Technology Beijing, School of Automation and Electrical Engineering, China (2) Huawei, Central Media Technology Institute, 2012 Laboratory, China (3) Shanghai University, School of Mechatronic Engineering and Automation, China (4) Chinese Academy of Sciences, China ","IEEE Transactions on Image Processing","IEEE Trans. Image Process. (USA)","","IEEE","31","","4842-55","2022","English","1057-7149","","10.1109/TIP.2022.3187565","","","","IIPRE4","USA","Journal article (JA)","Extracting robust and discriminative local features from images plays a vital role for long term visual localization, whose challenges are mainly caused by the severe appearance differences between matching images due to the day-night illuminations, seasonal changes, and human activities. Existing solutions resort to jointly learning both keypoints and their descriptors in an end-to-end manner, leveraged on large number of annotations of point correspondence which are harvested from the structure from motion and depth estimation algorithms. While these methods show improved performance over non-deep methods or those two-stage deep methods, i.e., detection and then description, they are still struggled to conquer the problems encountered in long term visual localization. Since the intrinsic semantics are invariant to the local appearance changes, this paper proposes to learn semantic-aware local features in order to improve robustness of local feature matching for long term localization. Based on a state of the art CNN architecture for local feature learning, i.e., ASLFeat, this paper leverages on the semantic information from an off-the-shelf semantic segmentation network to learn semantic-aware feature maps. The learned correspondence-aware feature descriptors and semantic features are then merged to form the final feature descriptors, for which the improved feature matching ability has been observed in experiments. In addition, the learned semantics embedded in the features can be further used to filter out noisy keypoints, leading to additional accuracy improvement and faster matching speed. Experiments on two popular long term visual localization benchmarks (Aachen Day and Night v1.1, Robotcar Seasons) and one challenging indoor benchmark (InLoc) demonstrate encouraging improvements of the localization accuracy over its counterpart and other competitive methods.","0","feature extraction - image classification - image matching - image segmentation - learning (artificial intelligence) - object recognition - SLAM (robots) - visual databases","correspondence-aware feature descriptors - long term visual localization benchmarks - localization accuracy - learned semantics - improved feature matching ability - semantic features - semantic-aware feature maps - off-the-shelf semantic segmentation network - local feature learning - local appearance changes - discriminative local features - semantic-aware local features","B6135E Image recognition - C5260B Computer vision and image processing techniques - C6261 ","G06T - G06N20/00","Practical (PRA); Theoretical or Mathematical (THR)","Electrical/Electronic engineering (B); Computers/Control engineering (C)","Inspec","Copyright 2022, The Institution of Engineering and Technology","Engineering Village"
"Domain-Invariant Similarity Activation Map Contrastive Learning for Retrieval-Based Long-Term Visual Localization","21256418","Hanjiang Hu (1); Hesheng Wang (1); Zhe Liu (2); Weidong Chen (1) ","(1) Shanghai Jiao Tong University, Department of Automation, China (2) University of Cambridge, Department of Computer Science and Technology, United Kingdom ","IEEE/CAA Journal of Automatica Sinica","IEEE/CAA J. Autom. Sin. (USA)","","IEEE","9","2","313-28","2022","English","2329-9266","","10.1109/JAS.2021.1003907","","","","IJASJC","USA","Journal article (JA)","Visual localization is a crucial component in the application of mobile robot and autonomous driving. Image retrieval is an efficient and effective technique in image-based localization methods. Due to the drastic variability of environmental conditions, e.g., illumination changes, retrieval-based visual localization is severely affected and becomes a challenging problem. In this work, a general architecture is first formulated probabilistically to extract domain-invariant features through multi-domain image translation. Then, a novel gradient-weighted similarity activation mapping loss (Grad-SAM) is incorporated for finer localization with high accuracy. We also propose a new adaptive triplet loss to boost the contrastive learning of the embedding in a self-supervised manner. The final coarse-to-fine image retrieval pipeline is implemented as the sequential combination of models with and without Grad-SAM loss. Extensive experiments have been conducted to validate the effectiveness of the proposed approach on the CMU-Seasons dataset. The strong generalization ability of our approach is verified with the RobotCar dataset using models pre-trained on urban parts of the CMU-Seasons dataset. Our performance is on par with or even outperforms the state-of-the-art image-based localization baselines in medium or high precision, especially under challenging environments with illumination variance, vegetation, and night-time images. Moreover, real-site experiments have been conducted to validate the efficiency and effectiveness of the coarse-to-fine strategy for localization.",,"feature extraction - image classification - image retrieval - learning (artificial intelligence) - mobile robots - object recognition - SLAM (robots) - unsupervised learning - visual databases","general architecture - domain-invariant features - multidomain image translation - novel gradient-weighted similarity activation mapping loss - finer localization - adaptive triplet loss - coarse-to-fine image retrieval pipeline - Grad-SAM loss - CMU-Seasons dataset - strong generalization ability - RobotCar dataset using models - state-of-the-art image-based localization baselines - night-time images - domain-invariant similarity activation map contrastive learning - retrieval-based long-term - mobile robot - autonomous driving - efficient technique - image-based localization methods - drastic variability - illumination changes - retrieval-based visual localization","B6135 Optical, image and video signal processing - B6135E Image recognition - C5260B Computer vision and image processing techniques - C6160S Spatial and pictorial databases - C1140Z Other topics in statistics - C7250R Information retrieval techniques - C3390C Mobile robots","G05D1/00 - G06T - G06N20/00 - G06F16/00","Practical (PRA); Theoretical or Mathematical (THR)","Electrical/Electronic engineering (B); Computers/Control engineering (C)","Inspec","Copyright 2021, The Institution of Engineering and Technology","Engineering Village"
"Long-Term Map Maintenance Pipeline for Autonomous Vehicles","21954012","Berrio, J.S. (1); Worrall, S. (1); Shan, M. (1); Nebot, E. (1) ","(1) University of Sydney, Australian Centre for Field Robotics, Sydney, NSW 2006, Australia ","IEEE Transactions on Intelligent Transportation Systems","IEEE Trans. Intell. Transp. Syst. (USA)","","IEEE","23","8","10427-10440","2022","English","1558-0016","","10.1109/TITS.2021.3094485","","","","ITISFG","USA","Journal article (JA)","For autonomous vehicles to operate persistently in a typical urban environment, it is essential to have high accuracy position information. This requires a mapping and localisation system that can adapt to changes over time. A localisation approach based on a single-survey map will not be suitable for long-term operation as it does not incorporate variations in the environment. In this paper, we present new algorithms to maintain a featured-based map. A map maintenance pipeline is proposed that can continuously update a map with the most relevant features taking advantage of the changes in the surroundings. Our pipeline detects and removes transient features based on their geometrical relationships with the vehicle's pose. Newly identified features became part of a new feature map and are assessed by the pipeline as candidates for the localisation map. By purging out-of-date features and adding newly detected features, we continually update the prior map to more accurately represent the most recent environment. We have validated our approach using the USyd Campus Dataset, which includes more than 18 months of data. The results presented demonstrate that our maintenance pipeline produces a resilient map which can provide sustained localisation performance over time.","0","feature extraction - intelligent transportation systems - pose estimation","single-survey map - featured-based map - localisation map - out-of-date features - resilient map - long-term map maintenance pipeline - autonomous vehicles - geometrical relationships","B6135E Image recognition - C5260B Computer vision and image processing techniques - C7445 Traffic engineering computing","G06K9/00 - G06T - G08G1/09","Practical (PRA)","Electrical/Electronic engineering (B); Computers/Control engineering (C)","Inspec","Copyright 2022, The Institution of Engineering and Technology","Engineering Village"
"Improved-UWB/LiDAR-SLAM Tightly Coupled Positioning System with NLOS Identification Using a LiDAR Point Cloud in GNSS-Denied Environments","21853526","Chen, Z. (1); Xu, A. (1); Sui, X. (1); Wang, C. (1); Wang, S. (1); Gao, J. (1); Shi, Z. (1) ","(1) Liaoning Technical University, School of Geomatics, China ","Remote Sensing","Remote Sens. (Switzerland)","","MDPI","14","6","1380 (26 pp.)","2022","English","2072-4292","","10.3390/rs14061380","","","","","Switzerland","Journal article (JA)","Reliable absolute positioning is indispensable in long-term positioning systems. Although simultaneous localization and mapping based on light detection and ranging (LiDAR-SLAM) is effective in global navigation satellite system (GNSS)-denied environments, it can provide only local positioning results, with error divergence over distance. Ultrawideband (UWB) technology is an effective alternative; however, non-line-of-sight (NLOS) propagation in complex indoor environments severely affects the precision of UWB positioning, and LiDAR-SLAM typically provides more robust results under such conditions. For robust and high-precision positioning, we propose an improved-UWB/LiDAR-SLAM tightly coupled (TC) integrated algorithm. This method is the first to combine a LiDAR point cloud map generated via LiDAR-SLAM with position information from UWB anchors to distinguish between line-of-sight (LOS) and NLOS measurements through obstacle detection and NLOS identification (NI) in real time. Additionally, to alleviate positioning error accumulation in long-term SLAM, an improved-UWB/LiDAR-SLAM TC positioning model is constructed using UWB LOS measurements and LiDAR-SLAM positioning information. Parameter solving using a robust extended Kalman filter (REKF) to suppress the effect of UWB gross errors improves the robustness and positioning performance of the integrated system. Experimental results show that the proposed NI method using the LiDAR point cloud can efficiently and accurately identify UWB NLOS errors to improve the performance of UWB ranging and positioning in real scenarios. The TC integrated method combining NI and REKF achieves better positioning effectiveness and robustness than other comparative methods and satisfactory control of sensor errors with a root-mean-square error of 0.094 m, realizing subdecimeter indoor positioning.","45","indoor navigation - Kalman filters - mean square error methods - nonlinear filters - optical radar - satellite navigation - SLAM (robots) - ultra wideband communication","positioning performance - integrated system - UWB NLOS errors - positioning effectiveness - subdecimeter indoor positioning - NLOS identification - GNSS-denied environments - reliable absolute positioning - long-term positioning systems - global navigation satellite system-denied environments - local positioning results - ultrawideband technology - nonline-of-sight propagation - complex indoor environments - UWB positioning - high-precision positioning - LiDAR point cloud map - position information - UWB anchors - positioning error accumulation - long-term SLAM - UWB LOS measurements - LiDAR-SLAM positioning information - UWB gross errors","B6250G Satellite communication systems - B6320C Optical radar - B6330 Radionavigation and direction finding - B0290F Interpolation and function approximation (numerical analysis) - B6140B Filtering methods in signal processing","G01C21/00 - G01S - G01S5/02 - G01S17/00 - H04B7/00 - H04B7/185 - G01S19/00 - H04B1/7163","Practical (PRA); Theoretical or Mathematical (THR)","Electrical/Electronic engineering (B)","Inspec","Copyright 2022, The Institution of Engineering and Technology","Engineering Village"
"Topographic SLAM Using a Single Terrain Altimeter in GNSS-Restricted Environment","21589128","Junwoo Jang (1); Jinwhan Kim (1) ","(1) Korea Advanced Insititute of Science and Technology, Department of Mechanical Engineering, Korea, Republic of ","IEEE Access","IEEE Access (USA)","","IEEE","10","","10806-10815","2022","English","2169-3536","","10.1109/ACCESS.2022.3145978","","","","IAECCG","USA","Journal article (JA)","In a Global Navigation Satellite System (GNSS)-restricted area, a mobile robot navigation system exploits surrounding environment information. For an aerial or underwater vehicle, undulating terrain of a land or seabed surface is a valuable information resource that leads to the development of terrain-referenced navigation (TRN) algorithms. However, due to the vast amount of a vehicle's activity area, surveying all the regions to obtain a high-resolution terrain map is impractical and requires simultaneous localization and mapping (SLAM) as a highly desirable capability. This paper presents a topographic SLAM algorithm using only a single terrain altimeter, which is low-cost, computationally efficient, and sufficiently stable for long-term operation. The proposed rectangular panel map structure and update method enable robust and efficient SLAM. As terrain elevation changes are inherently nonlinear, an extended Kalman filter (EKF)-based SLAM filter is adopted. The feasibility and validity of the proposed algorithm are demonstrated through simulations using terrain elevation data from a real-world undersea environment.","0","altimeters - Kalman filters - mobile robots - navigation - nonlinear filters - satellite navigation - SLAM (robots) - telecommunication control - terrain mapping","single terrain altimeter - GNSS-restricted environment - mobile robot navigation system - environment information - aerial vehicle - underwater vehicle - undulating terrain - valuable information resource - terrain-referenced navigation algorithms - high-resolution terrain map - topographic SLAM algorithm - rectangular panel map structure - terrain elevation changes - extended Kalman filter-based SLAM filter - terrain elevation data - real-world undersea environment - global navigation satellite system-restricted area - TRN algorithms - vehicle activity area - simultaneous localization and mapping - EKF-based SLAM filter","B6330 Radionavigation and direction finding - B7250G Display, recording and indicating instruments - B6140B Filtering methods in signal processing - C3370H Control applications in radio and radar - C3390C Mobile robots - C5260 Digital signal processing","G01C5/00 - G01C21/00 - G01D7/00 - G01D9/00 - G01S - G01S5/02 - G05D1/00 - H04W28/02 - G01S19/00","Practical (PRA)","Electrical/Electronic engineering (B); Computers/Control engineering (C)","Inspec","Copyright 2022, The Institution of Engineering and Technology","Engineering Village"
"A Novel Lidar-Assisted Monocular Visual SLAM Framework for Mobile Robots in Outdoor Environments","21882235","Yin, J. (1); Luo, D. (1); Yan, F. (1); Zhuang, Y. (1) ","(1) Dalian University of Technology, School of Control Science and Engineering, China ","IEEE Transactions on Instrumentation and Measurement","IEEE Trans. Instrum. Meas. (USA)","","IEEE","71","","8503911 (11 pp.)","2022","English","1557-9662","","10.1109/TIM.2022.3190031","","","","IEIMAO","USA","Journal article (JA)","In this article, a novel 3-D lidar-assisted monocular visual simultaneous localization and mapping (LAMV-SLAM) framework is proposed for mobile robots in outdoor environments. LAMV-SLAM can run in real time without a GPU and build a dense map with real scale. An online photometric calibration thread is integrated into LAMV-SLAM to eliminate the photometric disturbances in images. The tracking thread combines the lidar and vision data to estimate and refine the frame-to-frame transformation. In this thread, the depth fusion algorithm is proposed to provide accurate depth values for the extracted visual features by combining the lidar points, and a novel two-stage optimization method is proposed to utilize the fused lidar-vision data to estimate the camera transformation with the real scale. A parallel mapping thread generates new map points based on depth filter and lidar-vision data fusion. A loop closing thread further reduces the accumulative errors of the system. To verify the accuracy and efficiency of the system, we evaluated the proposed pipeline on the KITTI odometry benchmark, and our LAMV-SLAM achieves a 0.81% of relative position drift while running at over 3× real-time speed. To verify the robustness of the system in challenging environments, experiments were carried out on the North Campus Long-Term (NCLT) and NuScenes datasets. Moreover, real-world experiments were applied to our mobile robot platform to show the practicability and validity of the proposed approach.",,"calibration - cameras - distance measurement - feature extraction - image fusion - mobile robots - optical radar - pose estimation - robot vision - sensor fusion - SLAM (robots)","lidar points - fused lidar-vision data - parallel mapping thread - map points - lidar-vision data fusion - LAMV-SLAM - mobile robot platform - novel lidar-assisted monocular visual SLAM framework - mobile robots - outdoor environments - dense map - online photometric calibration thread - tracking thread - frame-to-frame transformation - depth fusion algorithm - extracted visual features","B6135 Optical, image and video signal processing - B6135E Image recognition - B6320C Optical radar - B7230G Image sensors - B0260 Optimisation techniques - C5260B Computer vision and image processing techniques - C1180 Optimisation techniques - C3390C Mobile robots","G01S17/00 - G03B17/00 - G03B19/00 - G05D1/00 - G06K9/00 - G06T - H04N5/30","New development (NEW); Practical (PRA)","Electrical/Electronic engineering (B); Computers/Control engineering (C)","Inspec","Copyright 2022, The Institution of Engineering and Technology","Engineering Village"
"Keeping an Eye on Things: Deep Learned Features for Long-Term Visual Localization","21505942","Gridseth, M. (1); Barfoot, T.D. (1) ","(1) University of Toronto, Institute for Aerospace Studies, Toronto, ON M3H 5T6, Canada ","IEEE Robotics and Automation Letters","IEEE Robot. Autom. Lett. (USA)","","IEEE","7","2","1016-23","2022","English","2377-3766","","10.1109/LRA.2021.3136867","","","","IRALC6","USA","Journal article (JA)","In this letter, we learn visual features that we use to first build a map and then localize a robot driving autonomously across a full day of lighting change, including in the dark. We train a neural network to predict sparse keypoints with associated descriptors and scores that can be used together with a classical pose estimator for localization. Our training pipeline includes a differentiable pose estimator such that training can be supervised with ground truth poses from data collected earlier, in our case from 2016 and 2017 gathered with multi-experience Visual Teach and Repeat (VT&R). We insert the learned features into the existing VT&R pipeline to perform closed-loop path following in unstructured outdoor environments. We show successful path following across all lighting conditions despite the robot's map being constructed using daylight conditions. Moreover, we explore generalizability of the features by driving the robot across all lighting conditions in new areas not present in the feature training dataset. In all, we validated our approach with 35.5 km of autonomous path following experiments in challenging conditions.","0","deep learning (artificial intelligence) - feature extraction - mobile robots - path planning - pose estimation - robot vision - SLAM (robots)","deep learning - visual localization - visual features - neural network - ground truth poses - VT&R - daylight conditions - autonomous path following - sparse keypoints prediction - Visual Teach and Repeat - closed-loop path following - map building","B6135E Image recognition - C3390C Mobile robots - C5260B Computer vision and image processing techniques - C6264 - C3120C Spatial variables control","G05D1/00 - G05D3/00 - G06K9/00 - G06T - B60W30/095 - G06N3/02 - G06N20/00","Practical (PRA)","Electrical/Electronic engineering (B); Computers/Control engineering (C)","Inspec","Copyright 2022, The Institution of Engineering and Technology","Engineering Village"
"Thermal-Inertial SLAM for the Environments With Challenging Illumination","21950213","Jiang, J. (1); Chen, X. (1); Dai, W. (2); Gao, Z. (1); Zhang, Y. (1) ","(1) Zhejiang University, State Key Laboratory of Industrial Control Technology, China (2) Hangzhou Dianzi University, College of Computer Science, China ","IEEE Robotics and Automation Letters","IEEE Robot. Autom. Lett. (USA)","","IEEE","7","4","8767-74","2022","English","2377-3766","","10.1109/LRA.2022.3185385","","","","IRALC6","USA","Journal article (JA)","In recent years, longwave infrared (LWIR) cameras have become potential in visual simultaneous localization and mapping (SLAM) research since the delivered thermal images can provide information beyond the visible spectrum and are robust to environment illumination. However, due to modality differences, SLAM methods designed for visible cameras cannot be directly applied to thermal data. In this paper, we propose a thermal-inertial SLAM method for all-day autonomous systems. To overcome the challenge of the thermal data association, the proposed method represents several improvements, including singular-value-decomposition-based (SVD-based) image processing and ThermalRAFT tracking methods. Based on the characteristics of the thermal images, the SVD-based image processing method can exploit the fixed noise pattern of thermal images and enhance the image quality to improve the performance of subsequent steps, including thermal feature extraction and loop detection. To achieve real-time and robust feature tracking, we develop ThermalRAFT, an efficient optical flow network with iterative optimization. Moreover, the system introduces a bag-of-words-based loop detection method to maintain global consistency in long-term operation. The experimental results demonstrate that the proposed method can provide competitive performance in indoor and outdoor environments and is robust under challenging illumination conditions.",,"cameras - feature extraction - image processing - image sensors - image sequences - infrared imaging - mobile robots - robot vision - singular value decomposition - SLAM (robots)","delivered thermal images - visible spectrum - environment illumination - SLAM methods - visible cameras - thermal-inertial SLAM method - all-day autonomous systems - thermal data association - singular-value-decomposition-based image processing - ThermalRAFT tracking methods - SVD-based image processing method - image quality - thermal feature extraction - robust feature tracking - bag-of-words-based loop detection method - indoor environments - outdoor environments - challenging illumination conditions - visual simultaneous localization","B6135 Optical, image and video signal processing - B7230G Image sensors - C5260B Computer vision and image processing techniques - C3390C Mobile robots","G03B17/00 - G03B19/00 - G05D1/00 - G06T - H01L27/146 - H04N5/30","Practical (PRA); Theoretical or Mathematical (THR)","Electrical/Electronic engineering (B); Computers/Control engineering (C)","Inspec","Copyright 2022, The Institution of Engineering and Technology","Engineering Village"
"Research on Visual-Inertial SLAM Technology with GNSS Assistance","22005253","Zhao, L. (1); Wang, X. (1); Zheng, X. (1); Jia, C. (1) ","(1) Harbin Engineering University, China ","China Satellite Navigation Conference (CSNC 2022) Proceedings. Lecture Notes in Electrical Engineering (909)","","","Springer","","","425-34","2022","English","","978-981-19-2580-1","10.1007/978-981-19-2580-1_36","China Satellite Navigation Conference","22-25 May 2022","Beijing, China","","","Conference article (CA)","In the new era of robustness and perception, the Visual-Inertial Odometry (VIO), which is tightly coupled by the camera and the Inertial Measurement Unit (IMU), can obtain high-precision local pose results in unknown environment. Its low cost and miniaturization have received widespread attention. However, due to the limitation of the measurement principle, in the long-term runs, error will still accumulate. In addition, the outdoor large-scale environment is also a major challenge facing VIO. The Global Navigation Satellite System (GNSS) can provide accurate global estimates for VIO in an open outdoor environment and correct drift caused by long-term operation. Similarly, VIO can still perform in environments where GNSS is denied, which makes it possible for seamless indoor and outdoor navigation. Therefore, this paper proposes a visual-inertial SLAM algorithm assisted by GNSS. Taking the optimized tightly coupled VIO as the main body, and the pose information obtained by GNSS is combined with the VIO solution result to enhance the global positioning while ensuring the accuracy of the local pose accuracy. To this end, a simulation experiment based on the KITTI data set was carried out. The results show that the VIO system with the aid of GNSS can achieve the accuracy of 1.687 m error average, 1.176 m standard deviation, and 2.056 m root mean square error, which is nearly 80% higher than that without assistance. And it can also play a role in the environment where GNSS is denied, and the robustness of the system is also enhanced.","10","distance measurement - Global Positioning System - inertial navigation - mobile robots - SLAM (robots)","inertial measurement unit - miniaturization - measurement principle - outdoor large-scale environment - global navigation satellite system - global estimates - open outdoor environment - indoor navigation - outdoor navigation - visual-inertial SLAM algorithm - optimized tightly coupled VIO - global positioning - local pose accuracy - VIO system - GNSS assistance - visual-inertial SLAM technology - visual-inertial odometry - GNSS - root mean square error - size 2.056 m - size 1.687 m - size 1.176 m","B6135 Optical, image and video signal processing - B6330 Radionavigation and direction finding - C5260B Computer vision and image processing techniques - C3390C Mobile robots","G01P7/00 - G01S - G05D1/00 - G06T - G01C21/16 - G01S19/01","Practical (PRA)","Electrical/Electronic engineering (B); Computers/Control engineering (C)","Inspec","Copyright 2022, The Institution of Engineering and Technology","Engineering Village"
"Visual-Inertial SLAM with Tightly-Coupled Dropout-Tolerant GPS Fusion [arXiv]","22014880","Boche, S.; Zuo, X.; Schaefer, S.; Leutenegger, S. ",,"arXiv","arXiv (USA)","","arXiv","","","","1 Aug. 2022","English","","","","","","","","USA","Journal article (JA)","Robotic applications are continuously striving towards higher levels of autonomy. To achieve that goal, a highly robust and accurate state estimation is indispensable. Combining visual and inertial sensor modalities has proven to yield accurate and locally consistent results in short-term applications. Unfortunately, visual-inertial state estimators suffer from the accumulation of drift for long-term trajectories. To eliminate this drift, global measurements can be fused into the state estimation pipeline. The most known and widely available source of global measurements is the Global Positioning System (GPS). In this paper, we propose a novel approach that fully combines stereo Visual-Inertial Simultaneous Localisation and Mapping (SLAM), including visual loop closures, with the fusion of global sensor modalities in a tightly-coupled and optimisation-based framework. Incorporating measurement uncertainties, we provide a robust criterion to solve the global reference frame initialisation problem. Furthermore, we propose a loop-closure-like optimisation scheme to compensate drift accumulated during outages in receiving GPS signals. Experimental validation on datasets and in a real-world experiment demonstrates the robustness of our approach to GPS dropouts as well as its capability to estimate highly accurate and globally consistent trajectories compared to existing state-of-the-art methods.",,"distance measurement - Global Positioning System - inertial navigation - Kalman filters - mobile robots - optimisation - robot vision - robots - sensor fusion - SLAM (robots) - state estimation - stereo image processing","robotic applications - highly robust state estimation - accurate state estimation - visual sensor modalities - inertial sensor modalities - locally consistent results - global measurements - state estimation pipeline - known source - widely available source - Global Positioning System - visual loop closures - global sensor modalities - incorporating measurement uncertainties - robust criterion - global reference frame initialisation problem - GPS signals - GPS dropouts - highly accurate trajectories - globally consistent trajectories","B6135 Optical, image and video signal processing - C5260B Computer vision and image processing techniques - C3120C Spatial variables control - C3390 Robotics - C3390C Mobile robots","G01P7/00 - G05D1/00 - G05D3/00 - G06T - H04N13/00 - G01C21/16 - G01S19/01","Practical (PRA); Theoretical or Mathematical (THR)","Electrical/Electronic engineering (B); Computers/Control engineering (C)","Inspec","Copyright 2022, The Institution of Engineering and Technology","Engineering Village"
"Bio-inspired relocalization for indoor robots in visual ambiguous scenarios","21722744","Yixuan Long (1, 2); Rui Jiang (3); Fang Ye (1, 2) ","(1) Harbin Engineering University, College of Information and Communication Engineering, China (2) Ministry of Industry and Information Technology, Key Laboratory of Advanced Marine Communication and Information Technology, China (3) National University of Singapore, Department of Electrical and Computer Engineering, Singapore ","2022 2nd International Conference on Consumer Electronics and Computer Engineering (ICCECE)","","IEEE","IEEE","","","685-9","2022","English","","978-1-6654-0886-8","10.1109/ICCECE54139.2022.9712794","2022 2nd International Conference on Consumer Electronics and Computer Engineering (ICCECE)","14-16 Jan. 2022","Guangzhou, China","","","Conference article (CA)","In recent years, robots have been widely used in the service industry to improve work efficiency. An indoor service robot should have long-term autonomous adaptability and this is achieved by performing lifelong simultaneous localization and mapping (SLAM). However, when a robot wakes up to SLAM, it needs to relocate itself first. In real-world applications, the visual ambiguous environment which contains multiple locations with similar appearances or features is a challenging scenario for localization. Considering the insufficient expression ability of a single sensor, this paper proposes a bio-inspired relocalization method to deal with this problem. The local view cells model maintains multi-hypotheses to provide visual-based coarse relocalization. Then, an obstacle cell model converts the self-centered lidar information into allocentric representation. And it serves as the fine relocalization. A continuous attractor neural network (CANN) is applied to integrate the candidates obtained through the above two stages. Finally, the result of relocalization is selected by a double-checking mechanism. In the experiments, the success rate of the proposed method reaches 95 % in total and 75% in the most challenging scene. The translation error in all scenes is less than 0.15m.","0","mobile robots - multi-robot systems - neural nets - robot vision - service robots - SLAM (robots)","service industry - work efficiency - indoor service robot - long-term autonomous adaptability - simultaneous localization and mapping - SLAM - visual ambiguous environment - single sensor - bio-inspired relocalization method - local view cells model - obstacle cell model - self-centered lidar information - continuous attractor neural network - visual-based coarse relocalization","B6135 Optical, image and video signal processing - C3390C Mobile robots - C5260B Computer vision and image processing techniques - C1230D Neural nets","G05D1/00 - G06T","Practical (PRA); Theoretical or Mathematical (THR)","Electrical/Electronic engineering (B); Computers/Control engineering (C)","Inspec","Copyright 2022, The Institution of Engineering and Technology","Engineering Village"
